{"cameraMode":{"drawMode":0,"name":"Shaded","section":"Shading Mode"},"sceneLighting":true,"audioPlay":false,"sceneViewState":{"m_AlwaysRefresh":false,"showFog":true,"showSkybox":false,"showFlares":true,"showImageEffects":true,"showParticleSystems":true,"showVisualEffectGraphs":true,"m_FxEnabled":true},"in2DMode":false,"pivot":{"x":-466.9678955078125,"y":27.079267501831056,"z":-26.959609985351564},"rotation":{"x":0.09293437749147415,"y":0.6857106685638428,"z":-0.08895056694746018,"w":0.7164197564125061},"size":13.173101425170899,"orthographic":false}