{"cameraMode":{"drawMode":0,"name":"Shaded","section":"Shading Mode"},"sceneLighting":false,"audioPlay":false,"sceneViewState":{"showFog":true,"showMaterialUpdate":false,"showSkybox":false,"showFlares":true,"showImageEffects":true,"showParticleSystems":true},"in2DMode":false,"pivot":{"x":-476.5098571777344,"y":19.271133422851564,"z":-13.941144943237305},"rotation":{"x":0.10548102855682373,"y":-0.553904116153717,"z":0.07100796699523926,"w":0.8228140473365784},"size":3.895137071609497,"orthographic":false}