{"cameraMode":{"drawMode":0,"name":"Shaded","section":"Shading Mode"},"sceneLighting":true,"audioPlay":false,"sceneViewState":{"showFog":true,"showMaterialUpdate":false,"showSkybox":true,"showFlares":true,"showImageEffects":true,"showParticleSystems":true},"in2DMode":false,"pivot":{"x":266.9999694824219,"y":150.65057373046876,"z":0.0},"rotation":{"x":-0.11509882658720017,"y":0.049738164991140369,"z":-0.005770276300609112,"w":-0.9920923709869385},"size":306.56903076171877,"orthographic":false}