{"cameraMode":{"drawMode":0,"name":"Shaded","section":"Shading Mode"},"sceneLighting":false,"audioPlay":false,"sceneViewState":{"showFog":true,"showMaterialUpdate":false,"showSkybox":false,"showFlares":true,"showImageEffects":true,"showParticleSystems":true},"in2DMode":false,"pivot":{"x":-470.99383544921877,"y":22.749908447265626,"z":-19.356237411499025},"rotation":{"x":-0.019123250618577005,"y":0.9480924010276794,"z":-0.3120845854282379,"w":-0.05810011178255081},"size":9.009735107421875,"orthographic":false}