{"cameraMode":{"drawMode":0,"name":"Shaded","section":"Shading Mode"},"sceneLighting":false,"audioPlay":false,"sceneViewState":{"showFog":true,"showMaterialUpdate":false,"showSkybox":false,"showFlares":true,"showImageEffects":true,"showParticleSystems":true},"in2DMode":false,"pivot":{"x":-473.0115966796875,"y":23.991756439208986,"z":-13.198905944824219},"rotation":{"x":-0.11338983476161957,"y":0.7572974562644959,"z":-0.13663169741630555,"w":-0.628476083278656},"size":9.190574645996094,"orthographic":false}