{"cameraMode":{"drawMode":0,"name":"Shaded","section":"Shading Mode"},"sceneLighting":false,"audioPlay":false,"sceneViewState":{"m_AlwaysRefresh":false,"showFog":true,"showSkybox":false,"showFlares":true,"showImageEffects":true,"showParticleSystems":true,"showVisualEffectGraphs":true,"m_FxEnabled":true},"in2DMode":false,"pivot":{"x":-467.3216247558594,"y":27.000106811523439,"z":-17.127552032470704},"rotation":{"x":-0.020856371149420739,"y":0.11610987782478333,"z":0.00243866303935647,"w":0.9930142164230347},"size":18.254146575927736,"orthographic":false}